total_outlayed_amount,BAC,BRK.B,CMCSA,COST,CRM,CSCO,DIS,GOOGL,HD,INTC,JNJ,JPM,KO,LLY,MA,MCD,META,MRK,MSFT,NFLX,NGL,NSRGY,NVDA,ORCL,PEP,PFE,PG,T,TMO,UNH,V,WFC,WMT,AAPL,ABT,ACN,ADBE,AMD,AMZN,BA,TSLA,VZ,XOM
236347.55,0.0006540222367561,-0.000854518265328,-0.0097927579139148,-0.010538378332066,-0.0294685707596864,-0.0212909766813111,0.0623052959501557,-0.018448121645796,-0.0108973890148467,0.0044141252006419,-0.0089402244844688,0.0029441034997512,-0.0071428571428572,-0.0315098360453799,-0.0028359009734039,0.0040692786278795,-0.0048965517241379,-0.0014213197969543,0.0039746001881466,0.0081760930557395,0.0161662817551964,0.0029663434112947,0.0033499692349763,-0.0136054421768706,0.0024887701833191,-0.0261976047904191,0.003001560811622,-0.0022421524663677,-0.0163867872301162,-0.0209946028025814,-0.0039744086855371,0.0004122577985434,-0.0120467836257309,0.0137704335465529,-0.0061344392604112,-0.0220139376586895,-0.0049389671361502,-0.0033022254127782,-0.0122372723026623,-0.0130742301921841,-0.0577156007751937,-0.0065629557608167,-0.007491561702478
109149.95,0.0006540222367561,-0.000854518265328,-0.0097927579139148,-0.010538378332066,-0.0294685707596864,-0.0212909766813111,0.0623052959501557,-0.018448121645796,-0.0108973890148467,0.0044141252006419,-0.0089402244844688,0.0029441034997512,-0.0071428571428572,-0.0315098360453799,-0.0028359009734039,0.0040692786278795,-0.0048965517241379,-0.0014213197969543,0.0039746001881466,0.0081760930557395,0.0161662817551964,0.0029663434112947,0.0033499692349763,-0.0136054421768706,0.0024887701833191,-0.0261976047904191,0.003001560811622,-0.0022421524663677,-0.0163867872301162,-0.0209946028025814,-0.0039744086855371,0.0004122577985434,-0.0120467836257309,0.0137704335465529,-0.0061344392604112,-0.0220139376586895,-0.0049389671361502,-0.0033022254127782,-0.0122372723026623,-0.0130742301921841,-0.0577156007751937,-0.0065629557608167,-0.007491561702478
