{"loss": [0.12941370904445648, 0.1155523732304573, 0.11484593898057938, 0.114372119307518, 0.11372488737106323, 0.11322660744190216, 0.11266128718852997, 0.1120542585849762, 0.11151930689811707, 0.1108570471405983, 0.11022359877824783, 0.109639011323452, 0.10907052457332611, 0.1084877997636795, 0.10802771151065826, 0.1075059100985527, 0.10707385092973709, 0.10673822462558746, 0.10632392764091492, 0.10596385598182678], "val_loss": [0.3002249300479889, 0.2946014404296875, 0.2941663861274719, 0.2953568398952484, 0.29793035984039307, 0.3010632395744324, 0.3037031888961792, 0.30602937936782837, 0.3041342794895172, 0.3009631037712097, 0.2983558177947998, 0.2990052103996277, 0.2972298562526703, 0.29667097330093384, 0.29482564330101013, 0.2979350686073303, 0.2983543574810028, 0.2989366948604584, 0.3068898320198059, 0.3082544207572937]}