{"loss": [0.1295260190963745, 0.11540152877569199], "val_loss": [0.2887948751449585, 0.29166334867477417]}